word,phonetic,meaning
oblush,,腮红
mascara,,睫毛膏
toothpaste,,牙膏
washcloth,,毛巾
squeeze,,挤
mint,,薄荷
shower,,沐浴
shave,,刮胡子；剃毛发
wear,,穿戴
concealer,,遮瑕膏
wardrobe,,衣柜
hanger,,衣架
utfit,,服装：装束
choose,,选择
makeup,,化妆
cosmetics,,化妆品
eyeliner,,眼线
bad breath,,泡泡
toothbrush,,牙刷 刮胡刀：除毛刀
shaver,,牙刷 刮胡刀：除毛刀
stretch,,伸展
pajamas,,睡衣裤
versleep,,睡过头
miss,,错过
sleepyhead,,瞌睡虫
sleepy,,想睡的
drowsy,,昏沉的
panic,,惊慌的
alarm,,闹钟
outfit,,服装；装束
walnut,,核桃
congee,,粥
cereal,,谷片，麦片
atmeal,,燕麦粥
melet,,煎蛋卷
cornflakes,,麦片；玉米片
decaf,,低咖啡因咖啡
pancake,,美式松饼
fireplace,,壁炉；火炉
armchair,,单人座沙发
footrest,,脚凳；搁脚架
stool,,小凳子
stereo,,立体声音响
carpet,,（覆盖整面地板的）地毯
rug,,（局部覆盖的）地毯
ceiling,,天花板
chandelier,,水晶吊灯
wall,,墙壁
curtain,,窗帘
sofa,,长沙发
couch,,长沙发
towel,,毛巾
bathtub,,浴缸
toilet,,马桶
shampoo,,洗发精
conditioner,,护发乳
pillow,,枕头
quilt,,被子
tiles,,瓷砖
mattress,,床垫
blanket,,毯子
sheet,,床单
recliner,,躺椅
fridge,,冰箱
stove,,燃气灶
ven,,烤箱
microwave,,微波炉
dishwasher,,洗碗机
freezer,,冷冻室
cupboard,,碗橱
apron,,围裙
plate,,盘子
saucer,,小碟子
bowl,,碗
mug,,马克杯
stain,,污渍
dust,,灰尘；除尘
rag,,抹布
sponge,,海绵
broom,,扫把
sweep,,扫
vacuum,,n.吸尘器；吸地
dryer,,烘衣机
laundry,,待洗/已洗衣物
mop,,n.拖把；拖地
detergent,,洗衣粉
softener,,柔软剂
peg,,晒衣夹
clothesline,,晒衣绳
hang,,晾；晒
iron,,熨斗；熨烫
fold,,折叠
dry-clean,,干洗
seed,,种子
thorn,,荆棘；刺
soil,,泥土
fertilizer,,肥料
lawnmower,,除草机
sprinkler,,洒水器
fence,,篱笆，栅栏
hedge,,树篱
rake,,耙子
sow,,播种
trim,,修剪
plant,,植物；种植
mow,,割（草）
pluck,,拔
wither,,枯萎
weed,,杂草
herb,,草药；草本植物
broken,,坏掉的
shattered,,碎裂的
crack,,裂缝；破裂
clogged,,堵塞的
leaking,,漏水
sewage,,污水
handyman,,维修工人
work,,运行：运作
nail,,钉子
repair,,修理
plunger,,马桶吸盘
pipe,,水管
ladder,,梯子
saw,,锯子
drill,,钻头
screw,,螺丝
screwdriver,,螺丝起子
emotions,,情绪
mood,,心情；情绪
laugh,,大笑
grumpy,,易怒的；闹脾气的
temper,,脾气
weep,,哭泣；流泪
depressed,,沮丧的；抑郁的
disappointed,,失望的
frustrated,,懊恼沮丧的
blush,,脸红
surprised,,感到惊讶的
shocked,,感到吃惊的
anxious,,焦虑不安的
awkward,,不自在的
embarrassed,,感到困窘的：感到尴尬的
sibling,,兄弟姐妹之一；手足
uncle,,伯
cousin,,堂/表兄弟姐妹
nephew,,侄子；外甥
male,,女性朋友
bestie,,闺密
buddy,,朋友，伙伴，老兄
acquaintance,,相识的人；泛泛之交
colleague,,同事；同僚
stranger,,陌生人
grand-,,祖
great-grand-,,曾·.
step-,,继·.后
in-law,,姻亲的
lder,,年长的
younger,,年幼的
aunt,,姑姑；阿姨；伯母
romantic,,浪漫的
couple,,情侣；夫妇
single,,单身的
engaged,,已订婚的
marry,,结婚
divorce,,离婚
widowed,,丧偶的
date,,约会；约会对象；约会
court,,求爱；追求
woo,,求爱：追求
connection,,（情感）联结
chemistry,,情，来电
crush,,迷恋
confession,,告白
commitment,,承诺
soulmate,,灵魂伴侣：知己
affection,,深情；钟爱
nap,,小睡；打盹
dream,,梦；vi；做梦
nightmare,,噩梦；梦
drool,,口水；流口水
snore,,鼾声；打呼
yawn,,打哈欠
sleepless,,失眠的
petite,,娇小的
curvy,,有曲线的；丰满的
fit,,健壮的；健康的
chubby,,圆胖的
overweight,,超重的
obese,,肥胖臃肿的
muscular,,壮的；肌肉发达的
abs,,腹肌
six-pack,,六块腹肌
biceps,,肱二头肌
balanced,,均衡的
calorie,,卡路里；热量
figure,,身材：体型
shape,,健康状况；体型
height,,身高
weight,,体重
scales,,体重计；磅秤
bony,,皮包骨的
skinny,,削瘦的
slim,,苗条的；修长的
lose weight diet,,减重 节食：饮食习惯
fever,,发烧
thermometer,,体温计
appointment,,预约
hospital,,医院
clinic,,诊所
prescription,,处方笺
pharmacy,,药局
pill,,药丸
tablet,,药片
capsule,,胶囊
flu,,流行性感冒
sneeze,,打喷嚏；喷嚏
cough,,咳嗽
stomachache,,肚子痛
symptom,,症状
vomit,,呕吐
diarrhea,,拉肚子，腹泻
patient,,病患
tuna,,金枪鱼/鱼
anchovy,,凤尾鱼
prawn,,明虾
crab,,螃蟹
clam,,蛤
scallop,,扇贝
squid,,乌贼
beef,,牛肉
pork,,猪肉
lamb,,羔羊肉
duck,,鸭
goose,,鹅
lean,,瘦肉
fat,,肥肉
rib,,肋骨
soybean,,黄豆
corn,,玉米
flour,,面粉
whole-wheat,,全麦的
milk,,牛奶
rye,,黑麦，裸麦
wheat,,小麦
buckwheat,,荞麦
rice,,米
ats,,燕麦
soymilk,,豆浆
yogurt,,酸奶
butter,,奶油
cream,,鲜奶油
kiwi,,猕猴桃
peach,,桃子
pear,,梨子
grape,,葡萄
grapefruit,,葡萄柚
pineapple,,菠萝
tangerine,,柑橘
avocado,,牛油果
watermelon,,西瓜
blackberry,,黑莓
pomegranate,,红石榴
beet,,甜菜根
nion,,洋葱
radish,,白萝卜
spinach,,菠菜
cabbage,,洋白菜/卷心菜
celery,,芹菜
broccoli,,绿花椰菜
baked,,
organic,,有机的
spoiled,,
rosemary,,迷迭香
coriander,,香菜
nutmeg,,肉豆蔻
sugar,,糖
salt,,盐
garlic,,大蒜
vinegar,,醋
jam,,果酱
vanilla,,香草
ginger,,姜
basil,,罗勒；九层塔
salsa,,莎莎酱
mayonnaise,,美乃滋/
honey,,蜂蜜
syrup,,糖浆
spread,,抹酱；涂抹
sweet,,甜的
sour,,酸味的
bitter,,（味道）苦的
hot,,辣的
spicy,,辣的
salty,,咸的
ily,,油腻的
rich,,浓郁的
flavorful,,有风味的
ripe,,（作物）熟的
fresh,,新鲜的：清新的
light,,清淡的
crunchy,,清脆的
raw,,生的
juicy,,多汁的
moist,,湿润的
dry,,干的
tender,,（肉）嫩的
chewy,,有嚼劲的
creamy,,滑顺的：奶油的
smooth,,顺口的
runny,,稀的；水分过多的
buttery,,奶油味的
crispy,,酥脆的
pan,,平底锅
pot,,锅子
boil,,水煮
bake,,烘焙
fry,,油炸
steam,,蒸
simmer,,小火炖煮
roast,,烘烤
grill,,（在烤架上）烤
stew,,炖；煨
lid,,锅盖
heat,,加热
knife,,刀子
chop,,剁碎
whisk,,打蛋器
season,,调味
marinate,,腌；浸泡
food storage container,,
Mustard,,
Stir,,
blackpepper,,
poach,,是在煮滚的热水中搅拌出旋涡状，将鸡蛋打入旋涡当中，当蛋
mozzarella,,意大利干酪
live,,橄榄
prosciutto,,意式生火腿
gumbo,,秋葵汤
pasta,,意大利面（统称）
spaghetti,,意大利直面
lasagna,,千层面
pesto,,意式青酱
marinara,,意式红酱
risotto,,意式炖饭
pepperoni,,意式腊肠
tiramisu,,提拉米苏
cannoli,,奶油甜馅煎饼卷
yster vermicelli,,仔面线
truffle,,松露
caviar,,鱼子酱
quiche,,法式咸派
escargot,,田螺
paella,,西班牙海鲜饭
fetacheese,,费塔奶酪
spanakopita,,希腊菠菜派
cheese quesadilla,,墨西哥奶酪饼
taco,,塔可（墨西哥夹饼）
baguette,,法国面包
guacamole,,鳄梨酱
burrito,,墨西哥卷饼
curry,,咖哩
hummus,,鹰嘴豆泥
falafel,,中东蔬莱球
latte,,拿铁
barista,,咖啡厅服务生
brew,,煮（咖啡）；泡（茶）
mocha,,摩卡咖啡
cappuccino,,卡布奇诺
frappuccino,,星冰乐
scone,,司康
muffin,,松饼
brownie,,布朗尼
vendor,,摊贩
stall,,摊位，贩卖处
clerk,,店员
customer,,顾客
hygiene,,卫生
combo,,套餐
chips,,薯片
calamari,,炸花枝
milkshake,,奶昔
soda,,汽水
consomme,,清炖肉汤
champagne,,香槟
redwine,,
pumpkin soup,,
macaroni and cheese,,
reserve,,预约
reservation,,订位
party,,一群，一组
chef,,餐厅大厨
server,,（上菜的）侍者
available,,有空位的
terrace,,露天平台
waiter,,女服务生
maitred,,餐厅领班
sommelier,,侍酒师
busboy,,碗盘收拾工
diner,,用餐者
patron,,老主顾，常客
gourmet,,美食家
cup,,茶杯
spoon,,汤匙
fork,,叉子
vegetarian,,素食者
tableware,,餐具（统称）
napkin,,餐巾纸
rare,,一分熟
a lacarte,,单点 22
medium,,五分熟
substitute,,替换 23
portion,,一份，一客
specialty,,特色菜
bottomless,,无限度的
rder,,n.；点餐
refill,,
change,,
check,,支票
leftovers,,剩菜（恒用复数）
pay,,付费
tax,,税
tip,,小费
total,,总价
appreciate,,感激
compliment,,赞美
top-notch,,一流的
complain,,抱怨
dissatisfied,,不满意的
upset,,对....感到不悦的
underdone,,未熟的
fishy,,有味的
rotten,,腐坏的
yuck,,作呕的
disgusting,,恶心的
greet,,问候；打招呼
meet,,认识；遇见
introduce,,介绍
wave,,挥手
hug,,抱；拥抱
fistbump,,碰拳头
reunion,,重逢；聚会
update,,更新近况
recently,,最近
detail,,细节
embrace,,抱；拥抱
goodbye,,再见
plan,,计划
schedule,,计划；日程表
free,,空闲的
convenient,,方便的
decline,,拒绝
ciao,,（非正式）再见
regards,,致意；问候
invite,,邀请
farewell,,告别；辞行
toast,,敬酒；举杯
bravo,,（喝采声）好极了
fault,,过错
mistake,,错误
blame,,指责；归答
apology,,道；意
we,,亏欠
guilty,,内疚的；有罪的
forgive,,原谅
regret,,遗憾；抱怨
responsibility,,责任
thankful,,感谢的
praise,,赞扬
achievement,,成就
congratulations,,n.；恭喜；祝贺
pleasure,,荣幸；乐事
honor,,奖励：荣誉
scold,,责骂：训斥
sorry,,抱的
sweaty,,汗水湿透的
breeze,,微风
windy,,风大的；多风的
foggy,,多雾的
rainy,,多雨的
drizzle,,蒙蒙细雨；下细雨
heavily,,大量地：严重地
hurricane,,风
tornado,,龙卷风
storm,,暴风雨（雪）
snow,,雪；下雪
freezing,,极冷的；极冷地
weather,,天气
forecast,,预测：预报
weatherman,,气象预报员
sunny,,晴朗的
skort,,炙热的；炙热地
muggy,,闷热潮湿的
pleasant,,惬意的；宜人的
cloudy,,多云的
downpour,,倾盆大雨
player,,选手；球员
referee,,裁判员
coach,,教练 ③cheerleader
cheerleader,,啦啦队队员
umpire,,裁判员
ffense,,进攻
defense,,防守
foul,,犯规
score,,比分；得分
tie,,平手；平局
game,,体育赛事
competition,,竞赛
race,,（速度）比赛
championship,,冠军赛
final,,决赛
semifinal,,半决赛
all-star,,全明星的
athlete,,运动员
mascot,,吉祥物
celebrity,,名人；明星
paparazzi,,狗仔队
exclusive,,独家的
popular,,受欢迎的
viral,,广为疯传的
sensational,,轰动的
vernight,,一夜之间的：极快的
hit,,风行一时的事物；点击数
A-list,,一线的；一线明星
has-been,,过气明星
big-headed,,大头症的
subscribe,,追踪订阅
fan,,粉丝
groupie,,追星族
tabloid,,八卦小报
rumor,,谣言
gossip,,八卦传言
scandal,,丑闻
scoop,,独家消息
facelift,,脸部拉皮手术
groom,,新郎
bride,,新娘
honeymoon,,蜜月
anniversary,,纪念日
invitation,,邀请；请帖
reception,,接待处；庆祝会
banquet,,宴会
buffet,,自助餐
altar,,圣坛
tuxedo,,男士晚礼服
bouquet,,捧花；花束
vow,,誓约
bachelor,,单身汉
baet,,单身女子
balloon,,气球
pregnant,,怀孕的
stroller,,婴儿推车
pacifier,,奶嘴
crib,,婴儿床
bottle,,奶瓶
diaper,,尿布
nesie,,
birthday,,生日
throw,,举办
hold,,举办
candle,,蜡烛
present,,礼物
confetti,,五彩纸花
clown,,小丑
pinata,,皮纳塔
gift,,
funeral,,丧礼
casket,,棺材
coffin,,棺材；灵枢
tomb,,坟墓
hearse,,灵车
bury,,埋葬
cremate,,火葬；火化
obituary,,闻
visitation,,吊
wake,,守灵
prayer,,祷文，祷词
eulogy,,颂词；悼文
attend,,出席
condolence,,同情：吊
mourn,,吊念，哀悼
grieve,,悲痛；伤心
tribute,,敬词；敬意
respect,,尊重；敬意
grave,,坟墓
cemetery,,公墓
lovebirds,,热恋情侣
ring,,戒指
gaze,,注视；凝视
wink,,眨眼
flirt,,调情；打情骂俏
admire,,欣赏：爱慕
fancy,,豪华的
lovesick,,害相思病的
lovey-dovey,,多情缠绵的
touchy-feely,,多愁善感的
valentine,,情人
darling,,亲爱的
sweetheart,,甜心
rose,,玫瑰
serenade,,小夜曲
wine,,葡萄酒
diamond,,钻石
grass,,草地
treasure,,宝藏
symbol,,象征
leprechaun,,爱尔兰矮精灵
shamrock,,三叶浆草
legend,,传说
custom,,风俗传统
parade,,游行
festival,,节庆
Irish,,爱尔兰的
Easter,,复活节
bunny,,兔子（儿语）
rabbit,,兔子
dye,,染料；染色
hide,,躲藏；隐藏
hunt,,寻找；搜捕
chocolate,,巧克力
beer,,啤酒
barbecue,,烤肉
picnic,,野餐
right,,权利
equality,,平等
Congress,,国会
declaration,,宣言：声明
independence,,独立
patriotic,,爱国的
flag,,旗帜
stripe,,条纹
star,,星形
found,,创办
salute,,行礼；致敬
holiday,,休假日；假期
celebrate,,庆祝
tradition,,传统
colony,,殖民地
freedom,,自由
liberty,,自由
fireworks,,烟火
statue,,雕像
lrish,,
ghost,,鬼魂
zombie,,僵尸
mummy,,木乃伊
werewolf,,狼人
goblin,,小妖怪
monster,,怪物
skeleton,,骷头
Death,,死神
sickle,,镰刀
carve,,vi.；雕刻
bat,,蝙蝠
cobweb,,蜘蛛网
costume,,特殊服装
coward,,胆小鬼；懦夫
spooky,,阴森恐怖的
frightened,,受惊的；害怕的
haunted,,闹鬼的
creative,,有创意的
pumpkin,,南瓜
pray,,祷告
pie,,派
pea,,豌豆
turkey,,
carrot,,胡萝卜
sauce,,酱汁
casserole,,砂锅菜
wishbone,,叉骨，许愿骨
wild,,野生的
domesticated,,驯养的
baste,,浇涂油脂
harvest,,收获；丰收
pardon,,救免
native,,原住民
feast,,盛宴，大餐
stuffing,,填料
gravy,,
cranberry,,蔓越莓
rnament,,装饰品
eggnog,,蛋奶酒
cinnamon,,肉桂
snowflake,,雪花
carol,,圣诞颂歌
eve,,前夕
crowd,,人群
broadcast,,广播；转播
countdown,,倒数
resolution,,决心；愿望
sunrise,,日出
elf,,小精灵
reindeer,,驯鹿
sled,,雪机
chimney,,烟肉
wreath,,花圈
poinsettia,,圣诞红
mistletoe,,寄生
tinsel,,金属箔
stocking,,长筒袜
screen,,荧幕 ②seat
seat,,座位
aisle,,走道
Orow,,排
blockbuster,,强档片
trailer,,预告片
sequel,,续集
bomb,,大烂片
lame,,差劲的
snack,,点心，零食
churro,,吉事果；西班牙油条
film,,电影；影片
flick,,影片（非正式）
theater,,电影院
ticket,,票
popcorn,,爆米花（不可数）
premiere,,首映
cast,,卡司（演员阵容）
supporting,,配角的
actress,,女演员
effect,,特效
comedy,,喜剧片
tearjerker,,赚人眼泪的电影
drama,,剧情片
documentary,,纪录片
animation,,动画
director,,导演
actor,,（男）演员
leading,,主要的
stand-in,,替身
cameo,,客串
plot,,故事情节
screenplay,,电影剧本
soundtrack,,电影原声带
upbeat,,轻快活泼的
duet,,二重唱
feature,,与.....共同演唱
chart,,排行榜
blues,,蓝调
rock,,摇滚乐
country,,乡村乐
indie,,独立制作的
rap,,饶舌乐
album,,专辑
songwriter,,歌曲作者
debut,,首度登台
lyrics,,歌词（恒用复数）
melody,,旋律
rhythm,,节奏
beat,,节拍
chorus,,副歌；合唱团
jazz,,爵士乐
bartender,,调酒师
allow,,允许
bouncer,,（夜店）保安
plush,,豪华的
classy,,高级的；时髦的
bar,,酒吧，吧台
clubbing,,去夜店
line,,队伍；排队
enter,,入场
underage,,未成年的
liqueur,,利口酒
vodka,,伏特加
whisky,,威士忌酒
rum,,兰姆酒
martini,,马丁尼
full-bodied,,浓烈的
drunk,,酒醉的
tipsy,,微的
hangover,,宿醉
round,,一轮饮料
alcohol,,酒精饮料（不可数）
alcoholic,,酒精的
liquor,,烈酒
cocktail,,鸡尾酒
margarita,,玛格丽特
solo,,独舞
company,,同伴（集合名词，不可数）
alone,,单独的；单独地
buff,,体型健美的
attractive,,有魅力的
gorgeous,,美丽的
charming,,迷人的
elegant,,有气质的
relax,,放松
step,,脚步
move,,动作
movement,,动作
moonwalk,,月球漫步
atmosphere,,氛围
golf,,高尔夫球
boxing,,拳击
jogging,,慢跑
marathon,,马拉松
swimming,,游泳
playground,,学校操场
arena,,体育场
baseball,,棒球
basketball,,篮球
bowling,,保龄球运动
tennis,,网球运动
badminton,,羽毛球
volleyball,,排球
squash,,壁球
hockey,,曲棍球
soccer,,足球
flexibility,,柔软度
trainer,,教练
aerobics,,有氧运动
wrestling,,摔运动
sit-up,,仰卧起坐
squat,,深蹲
yoga,,瑜伽
dumbbell,,哑铃
sportswear,,运动服装（统称，不可数）
sneakers,,运动鞋
treadmill,,跑步机
stepper,,踏步机
whirlpool,,按摩浴缸
sweatshirt,,运动衫
tights,,紧身裤
binge-watch,,vi.；追剧
knit,,vt.；编织
craft,,手工艺品
comfortable,,舒适的；自在的
netizen,,网民
made,,
outof,,
come,,
cover,,封面
autobiography,,自传
report,,报道
editorial,,报纸社论
page,,页
article,,文章
writer,,作家 21
author,,作者
editor,,编辑
best-selling,,畅销的
journalist,,记者
publish,,出版
magazine,,杂志
literature,,文学（不可数）
poetry,,诗（不可数）
fiction,,虚构小说类（不可数）
non-fiction,,非小说类（不可数）
novel,,小说
biography,,传记
painting,,画作
colorful,,色彩丰富的
photography,,摄影
calligraphy,,书法
masterpiece,,杰作
artist,,艺术家
painter,,画家
curator,,策展人；馆长
photographer,,摄影师
exhibition,,展览
gallery,,画廊；美术馆
collection,,收藏品
ancient,,古代的
artifact,,历史文物
antique,,古董
portrait,,肖像
sculpture,,雕像；雕刻
exhibit,,vt.展示；展览
ballet,,芭蕾舞
ballerina,,女芭蕾舞者
musical,,音乐剧
circus,,马戏团
juggle,,杂要
magician,,魔术师
lighting,,灯光设计
prop,,道具
musician,,音乐家
instrument,,乐器
performance,,表演
stage,,舞台
auditorium,,观众席
playwright,,剧作家
pera,,歌剧
surf,,冲浪
drown,,溺毙；淹死
seashell,,贝壳
float,,漂浮
sandcastle,,沙堡
sunburned,,晒伤的
heatstroke,,中暑
goggles,,蛙镜
swimwear,,泳装（统称，不可数）
swimsuit,,泳衣
bikini,,比基尼
snorkeling,,浮潜
scuba diving,,深潜
Frisbee,,飞盘
lifeguard,,救生员
sunbathe,,日光浴
suntan,,晒成古铜色
hiking,,健行
trekking,,翻山越岭
river,,河流
stream,,溪流
waterfall,,瀑布
grassland,,草地
wildlife,,野生动物
insect,,昆虫
mosquito,,蚊子
camp,,n.露营；露营
lake,,湖
trail,,步道，小径
landscape,,景色（可数）
tent,,帐篷
repellent,,驱虫剂
FastPass,,快速通行
ride,,游乐设施
Gselfie,,自拍照
scared,,害怕的
scream,,尖叫
carousel,,旋转木马
monorail,,单轨列车
queasy,,想吐的
acrophobia,,恐高症
campfire,,
hammock,,
screaming,,
ATM,,自动提款机
pretzel,,椒盐脆饼
lollipop,,棒棒糖
counter,,柜台
beverage,,饮料
Twizzlers,,扭扭糖
licorice,,甘草糖
Slurpee,,思乐冰
gum,,口香糖
hypermarket,,大型超市：量贩店
superstore,,大型卖场
outlet,,经销专卖店
wholesale,,批发
cart,,购物车
mall,,购物中心
escalator,,手扶梯
wholesaler,,批发商
retail,,零售
retailer,,零售商
checkout,,收银台
seconds,,次级品
surplus,,存货
produce,,农产品
booth,,摊位
seasonal,,当季的：时令的
fair,,市集
poultry,,家禽
livestock,,家畜
free-range,,放养的
pastured,,放牧的
jerky,,肉干
homemade,,自制的
handmade,,手工制作的
discount,,折扣
clearance,,出清
complimentary,,免费赠送的
deal,,交易
compromise,,妥协
regular,,常客
budget,,预算
cost,,要价
price,,价格
cheap,,便宜的
reasonable,,合理的
expensive,,昂贵的
haggle,,讨价还价
flaw,,瑕疵；缺点
receipt,,收据
exchange,,更换
return,,退货
refund,,退款
non-refundable,,不可退款的
redeem,,兑换（现金或商品）
warranty,,保修期
guarantee,,保证
expire,,到期；失效
sample,,样本；试用品
tester,,试用品
demo,,样品
inspection,,检查
rip,,裂缝
damaged,,受损的
defect,,缺陷，瑕疵
blemish,,瑕疵；污点；疤痕
replace,,更换
accept,,接受
bonus,,红利
account,,账户
transfer,,转账
wire,,电汇（钱）
stock,,存货；现货
be out of,,有货
shipment,,货物；运送
shipping,,运费
postage,,邮资
handling,,搬运
purchase,,购买
payment,,金额；款项
bill,,账单；钞票
layaway,,分期累计付款（付清款项后取货）
deliver,,递送
package,,包裹
tissue,,卫生纸
toothpick,,牙签
mouthwash,,漱口水
deodorant,,体香剂
comb,,梳子
sunblock,,防晒霜
sunscreen,,防晒霜
tampon,,卫生棉条
condom,,避孕套
insecticide,,杀虫剂
battery,,电池
pore,,毛孔
wrinkle,,皱纹
essence,,精华液
exfoliate,,去角质
cleanse,,清洁
whitening,,美白的
hydrating,,保湿的
il-control,,控油的
anti-aging,,抗老化的
anti-acne,,抗痘的
facial,,脸部的
t-zone,,型区域
toner,,化妆水
lotion,,乳液
day,,晚霜
gel,,凝露
pimple,,痘痘；粉刺
mask,,面膜
bandage,,绷带
heal,,痊愈
Band-Aid,,创可贴
Q-tip,,棉花棒
gauze,,纱布
tweezers,,镊子
saline,,生理盐水
iodine,,碘酒
antiseptic,,a.抗菌的；消毒药水
intment,,药膏；软膏
painkiller,,止痛药
cold,,热敷袋
cut,,割伤
scrape,,擦伤
wound,,伤口
swelling,,肿胀
scab,,
bruise,,青
bleed,,流血
scissors,,剪刀
dressing,,敷料
treat,,医治
deoderant,,
suit,,西装 ②shirt
shirt,,衬衫
pullover,,套头毛衣
hoodie,,连帽衫
turtleneck,,高领套头衣
sweater,,毛衣
jersey,,球衣；运动衫
blazer,,休闲西装外套
collar,,衣领
button,,纽扣
sleeve,,衣袖
cuff,,袖口
seam,,缝线
lingerie,,性感内衣
corset,,马甲
vest,,背心
coat,,外套
blouse,,女衬衫
jumpsuit,,连身裤
leggings,,内搭裤
pantyhose,,连裤袜
slacks,,宽松长裤
culottes,,裙裤；宽裤
miniskirt,,迷你裙
overalls,,连身工作裤
sundress,,无袖小洋装
trousers,,裤子
shorts,,短裤
straights,,直筒裤
flares,,喇叭裤
chinos,,卡其裤
tutu,,蓬蓬裙
fabric,,布料
cotton,,棉wool
wool,,羊毛
sequin,,亮片
velvet,,天鹅绒
flannel,,法兰绒
nylon,,尼龙
polyester,,聚酯纤维
chiffon,,雪纺纱
lace,,蕾丝
print,,印花布
pattern,,图案：花纹
leopard-spot,,豹纹
zebra-stripe,,斑马纹
texture,,质感
cashmere,,开士米羊毛制品
silk,,丝绸
leather,,皮革
fur,,皮草
suede,,鹿皮
denim,,牛仔布
canvas,,帆布
polka dot,,圆点图案
plaid,,彩色方格
Corsets,,
cap,,鸭舌帽
beanie,,毛帽
slippers,,拖鞋
flip-flops,,人字夹脚拖
wedges,,楔形鞋
boots,,靴子
xfords,,牛津鞋
loafers,,乐福鞋
Crocs,,布希鞋
hairpin,,发夹；小黑夹
hairband,,发箍：发带
scrunchie,,发圈
barrette,,弹簧发夹
fedora,,软呢帽
bonnet,,系带宽边软帽
beret,,贝雷帽
stilettos,,细跟高跟鞋
earrings,,耳环
jewelry,,珠宝
pearl,,珍珠
sapphire,,蓝宝石
ruby,,红宝石
emerald,,绿宝石；翡翠
crystal,,水晶
bead,,珠子
choker,,颈链
chain,,链子
pendant,,坠饰
locket,,盒式项链
bangle,,手环
sunglasses,,太阳眼镜
shawl,,披肩
brooch,,胸针
purse,,女用皮包 晚宴包
clutch,,女用皮包 晚宴包
ruffle,,荷叶边
halter,,绕颈版型
tailored,,量身定做的
formal,,正式的
casual,,休闲的
chic,,时髦的
flamboyant,,绚丽夺目的
punk,,庞克风
tomboy,,中性风
preppy,,学院风
arty,,文艺风的
silhouette,,轮廓剪裁
sheath,,贴身版型
shift,,直筒版型
mermaid,,鱼尾版型
baggy,,宽松的
tassel,,流苏
embroidery,,刺绣
bohemian,,波西米亚风
vacation,,假期
arrange,,安排，筹备
pre-book,,预订
destination all-inclusive,,全包的
hostel,,青年旅社
guesthouse,,小型民宿
homestay,,寄宿家庭
self-catering,,
abroad,,国外；在国外
notify,,通知
grant,,批准，给予
bank,,银行
visa,,签证
consulate,,领事馆
valid,,有效的
apply,,申请
expired,,过期的
extend,,扩大，延伸
denomination,,（货币的）面额
earplug,,耳塞
medication,,药物
tripod,,相机三脚架
charger,,充电器
luggage,,行李
adapter,,转接插头
insurance,,保险
passport,,
luxury,,
driver's license,,
announcement,,公告；宣布
goodbyes,,道别
terminal,,航站
departure,,出发，离开
standby,,候补的
pilot,,飞行员
captain,,机长
cabin,,机舱
legroom,,置腿空间
turbulence,,乱流
landing,,降落，着陆
declare,,申报
jetlag,,时差
immigration,,移居（由外移入）
layover,,短暂停留
runway,,跑道
suite,,（饭店的）套房
lobby,,大厅
swipe,,刷（磁卡）
sign,,签名
signature,,签名
doorman,,门厅侍者
concierge,,大厅服务人员
valet,,代客泊车员
attendant,,服务员
cleaner,,清洁员
maid,,
groundskeeper,,场地管理员
sauna,,桑拿浴
boutique,,精品店
masseuse,,
masseur,,女/男按摩师
spa,,水疗中心
sightseeing,,观光；游览风景
thermostat,,温度自动调节器
bathrobe,,浴袍
Venice,,威尼斯
Istanbul,,伊斯坦布尔
Pompeii,,庞贝
Barcelona,,巴塞罗纳
Berlin,,柏林
Vienna,,维也纳
Maldives,,马尔代夫
Bangkok,,曼谷
Phuket,,普吉岛
Tuscany,,托斯卡尼
Paris,,巴黎
London,,伦敦
Florence,,佛罗伦萨
Rome,,罗马
Dubai,,迪拜
countryside,,乡间（不可数）
Stonehenge,,巨石阵
Parthenon,,万神庙
Disneyland,,迪士尼乐园
flyboarding,,水上飞板
skydiving,,跳伞
zorbing,,太空球
igloo,,冰屋
teepee,,（印第安人的）圆锥帐篷
safari,,（野生动物的）探险旅行
ktoberfest,,慕尼黑啤酒节
separate,,分开
appearance,,外表
emergency,,紧急状况
thief,,小偷
mugger,,以偷袭行抢的抢匪
kidnap,,绑架
kidnapper,,绑架犯
incident,,事件
lose,,遗失
misplaced,,错放的
missing,,找不到的
replacement,,替代物
proof,,证明（不可数）
pickpocket,,扒手
steal,,偷窃
climatize,,适应（环境，气候）
exhausted,,筋疲力尽的
unpack,,从....取出
jet-lagged,,有时差的
travel-weary,,旅途疲惫的
travel-worn,,旅途疲惫的
picture-perfect,,如相片般完美的
spectacular,,壮观的；极好的
verpriced,,过于昂贵的
miserable,,糟糕的
highlight,,最精彩之处
recommend,,推荐
worth,,有·的价值
glamorous,,有魅力的
disaster,,糟糕透顶
recover,,恢复
display,,展示
souvenir,,纪念品
lowlight,,最糟的部分
token,,代币
strap,,带子
straphanger,,拉环
bus,,公交车
minibus,,小型公交车
express,,特快车
nonstop,,直达车
railroad,,铁路；铁路系统
subway,,地铁
carriage,,火车车厢
car,,火车车厢
sleeper,,卧铺
conductor,,列车长
platform,,站台
ku,,（坐卧两用）折
track,,铁轨
hub,,中心;枢纽
ff-peak,,非高峰期的
yacht,,游艇；快艇
hydrofoil,,水上飞机
canoe,,独木舟
buoy,,浮标
port,,港口
pier,,凸堤码头
harbor,,海港
gondola,,（威尼斯运河上的船）贡多拉
deck,,甲板
bow,,船头
passenger,,乘客
crew,,全体船员
bridge,,船桥；驾驶台
gangway,,（船岸之间）
embark,,上船
disembark,,vi.；下船
seasick,,晕船的
indicator,,方向灯
Uber,,优步出租车
meter,,计程表
convertible,,篷车
dashboard,,仪表板
van,,厢型车
accelerator,,油门
brake,,刹车
horn,,喇叭
cab,,出租车
taxi,,出租车
scooter,,轻型摩托车
bike,,摩托车：脚踏车
tricycle,,三轮车
pump,,打气筒
throttle,,油门
park,,vt.停车
signal,,信号；vi；打信号
direction,,方向；方位
ask for directions route,,问路 路线
past,,经过
pposite,,在对面
distance,,距离
mile,,英里
cross,,横跨；穿越
way,,路
shortcut,,捷径；近路
bypass,,小道；vt绕道
behind,,prep.；在后方
expressway,,快速干道：高速公路
freeway,,高速公路
highway,,高速公路
tollway,,收费公路
road,,路；道路
street,,街；街道
ne-way,,单行道
avenue,,大街：林荫大道
lane,,巷；小路：公路线道
alley,,小巷；胡同
intersection,,字路口
crossroads,,十字路口
underpass,,地下道
verpass,,天桥
sidewalk,,人行道
infringement,,违规
violation,,违反；违背
fine,,罚金
exceed,,超越（法律规定）
yield,,让路
impaired,,受损的
unregistered,,未登记的
vehicle,,交通工具；车辆
breathalyzer,,酒测机
random,,随机的
up,,
fuel,,燃料
refuel,,加燃料
mileage,,里程数
gas,,汽油
gasoline,,汽油（缩写
petrol,,汽油（英）
petroleum,,石油
diesel,,柴油
unleaded,,无铅的
squeegee,,橡皮刮水器
rent,,租借
coverage,,保险范围
manual,,手动的
automatic,,自动的
tow,,拖吊
carport,,停车棚
garage,,车库
drive,,私人车道
pile-up,,连环追撞事故
hit-and-run,,肇事逃逸的
verturn,,翻倒
rollover,,翻车
head-on,,迎头相撞的
sideswipe,,擦边撞击
Gairbag,,安全气囊
rear-end,,追尾撞上
collision,,碰撞事故
accident,,事故；意外
bumper,,保险杆
dent,,凹痕
swerve,,紧急转向回避
injury,,（身体）受伤
fatality,,（意外事故的）伤亡
compensation,,赔偿金
tighten,,紧
coolant,,冷却剂
push-start,,推车发动
jack,,起重机；千斤顶
jump-start,,接电发车
recharge,,重新充电
mechanic,,技工；维修工
gridlock,,（市区街道的）交通拥塞
congested,,交通堵塞的
snarl,,使交通堵塞
detour,,绕道
divert,,改道
bottleneck,,交通堵塞路段
minor,,辅修；辅修科目
kindergarten,,幼儿园
college,,学院
university,,大学
diploma,,文凭
major,,主修；主修科目
credit,,学分
program,,系列课程
seminar,,研讨会
lecture,,讲课
physics,,物理学
psychology,,心理学
philosophy,,哲学
sociology,,社会学
archeology,,考古学
medicine,,医学
biochemistry,,生物化学
biology,,生物学
attendance,,出席
approval,,同意
withdraw,,退出
withdrawal,,退出
tuition,,学费（不可数）
adjustment,,调整
refundable,,可退款的
semester,,学期
enroll,,注册
enrollment,,注册；登记
prerequisite,,先决条件
syllabus,,课程大纲
absence,,缺席
audit,,旁听
member,,成员
legacy,,有家人曾为姐妹会或兄弟会成员的人
tryout,,选拔赛
fraternity,,兄弟会
sorority,,姐妹会
debate,,辩论
volunteer,,志工
L paycheck,,工资
tutor,,家教
internship,,实习]
roommate,,室友
guarantor,,保证人
sneak,,偷溜
slob,,避逼的人
sloth,,懒散
nerd,,书呆子
weirdo,,怪人
professor,,教授
lecturer,,讲师
administrator,,行政人员
chaplain,,（专为机构提供服务的）牧师
archivist,,档案管理员
principal,,（中小学）校长
dean,,学院院长：大学校长
janitor,,工友
corridor,,走廊
hall,,大厅
annex,,附加建筑
counseling,,咨询服务
scholarship,,奖学金
projector,,投影机
whiteboard,,白板
globe,,地球仪
poster,,海报
desk,,书桌
lectern,,讲桌
microphone,,麦克风
bookshelf,,书柜
handbook,,手册
textbook,,教科书
blackboard,,黑板
paperclip,,回形针
glue,,胶水
notepad,,记事本
journal,,日志
USB,,U盘/闪存盘
stapler,,订书机
staple,,订书针
librarian,,图书管理员
checksthoutvolume,,（一套书的）册，卷
issue,,（报纸期刊的）一期
interlibrary,,馆际的
renew,,延长借阅时间
verdue,,逾期的
catalog,,馆藏查询
reference,,参考
periodical,,期刊
database,,资料库
stacks,,藏书架
browse,,浏览翻阅]
coursework,,课程作业
citation,,引用
homework,,家庭作业 17
assignment,,
hypothesis,,假设
worksheet,,学习单
theory,,学说；理论
essay,,专文
research,,研究
dissertation,,学位论文
thesis,,论文
paper,,报告；论文
draft,,草稿
extension,,延期
deadline,,截止日
brainstorm,,脑力激荡，集思广益
experiment,,
presentation,,口头报告
shredder,,
hole punch,,
printerink,,
grade,,成绩
distinction,,优异成绩
slip,,（分数）退步
cheat,,作弊
pass,,vt.；通过
plus,,比…..·高的
flunk,,不及格
assessment,,评估
plagiarize,,抄袭
prank,,恶作剧
suspend,,停学
dropout,,退学
expel,,开除
minus,,比....低的
rank,,排名
commencement,,毕业典礼
award,,授予
dignitary,,达官显要
gown,,长袍
showcase,,展示
homecoming,,返校活动
partner,,舞伴
gathering,,聚会
prom,,（高中）毕业舞会
fundraising,,募款
studentrally,,
awarded,,
meritscholarship,,
resume,,履历表
qualification,,条件：资格
career,,事业
duty,,职责
former,,从前的；昔日的
previous,,先前的
hobby,,爱好
pastime,,消遗娱乐
profession,,专业
skill,,技能
experience,,经验
supervisor,,主管；督导
copy,,副本；拷贝
ID,,身份证明
portfolio,,作品选集
felony,,重罪
criminal,,犯罪的
handwritten,,手写的
transcript,,抄本；副本
certification,,证书
notarized,,公证的
document,,文件
application,,申请书
workplace,,工作场所
ffice,,办公室
cubicle,,办公室小隔间
partition,,隔板
trainee,,培训生
apprentice,,学徒
apprenticeship,,学徒期
vacancy,,空缺
position,,职位
recruit,,招募
candidate,,求职者
full-time,,全职的
part-time,,兼职的
flextime,,弹性上班时间
intern,,实习生
confirm,,确认
postpone,,延期
punctual,,准时的
etiquette,,礼仪；礼节
interview,,面试
interviewer,,面试官
interviewee,,面者
attire,,正式服装
plain,,简单朴素的
paperwork,,资料：文件
headhunter,,人资猎手
field,,（工作）领域
pportunity,,机会
notice,,通知
hire,,雇用
extracurricular,,课外的
equip,,配备
accumulate,,累积
ability,,能力
capable,,有能力的
capability,,能力
emphasis,,强调；着重
expertise,,专门技能；专门知识
analyze,,分析
competent,,合格的；能干的；胜任的
coordinate,,协调
cooperate,,合作
know-how,,知识；技能
handle,,处理；应付
represent,,代表
evaluate,,评估
versee,,监督
strength,,优点
weakness,,缺点
personality,,个性
character,,性格
trait,,性格特征
hard-working,,勤奋的
rganized,,有条理的
persistence,,坚持不懈
humble,,谦卑的
confident,,自信的
thorough,,详尽的
detail-oriented,,注重细节的
conscientious,,细心负责的
ambitious,,有抱负的
resourceful,,机智的
insightful,,有洞察力的
goal-oriented,,目标导向的
utgoing,,外向的
easy-going,,随和的
initiative,,主动性
motivated,,积极主动的
judge,,法官
bailiff,,法警
paramedic,,医疗护理员
fazI,,内科医生
psychiatrist,,精神科医生
shrink,,（口语）精神科医生
pharmacist,,药剂师
ptician,,验光师
dentist,,牙医
entrepreneur,,企业家；创业者
banker,,银行家
salesperson,,推销员
secretary,,秘书
manager,,经理
accountant,,会计师
consultant,,顾问
paralegal,,法务助理
prosecutor,,检察官
therapist,,治疗专家
surgeon,,外科医生
politician,,政治人物
councilor,,议员
mayor,,市长
governor,,州长
senator,,参议员
minister,,部长
spokesperson,,发言人
detective,,侦探
soldier,,士兵；军人
investigator,,调查员
firefighter,,消防员
host,,主持人
cameraman,,摄影师
model,,模特
choreographer,,编舞家
designer,,设计师
laborer,,工人；劳工
freelancer,,自由职业者
housekeeper,,（女）管家
chauffeur,,司机
caretaker,,看护
nanny,,保姆
babysitter,,（临时）保姆
receptionist,,接待员
stylist,,造型师
hairdresser,,发型设计师
baker,,烘焙师
carpenter,,木匠
realtor,,房地产经纪人
programmer,,程序员
engineer,,工程师
beekeeper,,养蜂人
branch,,分公司
division,,部门
department,,部门
section,,区域
board,,董事会
president,,董事长；总裁
executive,,主管；经理
deputy,,代理人；副手
associate,,副手的
foyer,,门厅；前厅
send,,发送
receive,,接收
subject,,主题
address,,地址
forward,,转寄
copier,,影印机 打印机
Oprinter,,影印机 打印机
inbox,,收件匣
spam,,垃圾信件
loner,,独行侠：边缘人
brown-noser,,马屁精
yes-man,,应声虫：滥好人
doormat,,出气筒；受气包
newbie,,菜鸟
tattle,,闲聊；说八卦：打小报告
peanuts,,微不足道的小钱
generalmanager,,
Finance,,
PR Manager,,
liability,,（法律上对某事物的）责任，义务
perk,,小福利；津贴；额外收入
cafeteria,,食堂：自助餐厅
dividend,,股息；红利
remuneration,,报酬
reimburse,,偿还
incentive,,动机；诱因
wage,,时薪；日薪；周薪
salary,,月薪
raise,,加薪
promotion,,升迁
commission,,佣金；回扣
freebie,,公司赠品
benefit,,福利
vertime,,加班
staff,,员工
retire,,退休
fire,,开除；炒鱿鱼
pension,,养老金；退休金
quit,,辞职
workforce,,劳动力
manpower,,人力
talent,,人才
personnel,,人员；职员
promote,,升迁
demote,,降职
ultimatum,,最后通
downsize,,缩编：裁员
promoted,,
on duty,,
